operation_type|scheduled_start_time|actual_start_time|execution_duration_MILLISECONDS|result_code|original_start_time
LdbcInsert5AddForumMembership|1759703900994|1759703900994|5481|0|1354157594863
LdbcInsert7AddComment|1759703901008|1759703901008|5466|0|1354157609091
LdbcInsert5AddForumMembership|1759703900994|1759703900994|5481|0|1354157594863
LdbcInsert7AddComment|1759703901026|1759703906475|217|0|1354157626668
LdbcInsert2AddPostLike|1759703901021|1759703906475|878|0|1354157622207
LdbcInsert7AddComment|1759703901037|1759703907354|312|0|1354157638006
LdbcQuery11|1759703901011|1759703901012|7749|0|1354157611422
LdbcQuery11|1759703901037|1759703906693|2074|0|1354157637326
LdbcInsert7AddComment|1759703901056|1759703908767|150|0|1354157657143
LdbcQuery11|1759703901063|1759703908918|1096|0|1354157663230
LdbcInsert6AddPost|1759703901045|1759703908762|3018|0|1354157646122
LdbcInsert7AddComment|1759703901084|1759703911781|330|0|1354157684817
LdbcInsert5AddForumMembership|1759703901085|1759703912112|154|0|1354157685527
LdbcInsert5AddForumMembership|1759703901085|1759703912266|141|0|1354157685527
LdbcQuery10|1759703901034|1759703906475|6211|0|1354157634088
LdbcQuery10|1759703901082|1759703910015|2681|0|1354157682658
LdbcInsert2AddPostLike|1759703901104|1759703912697|100|0|1354157704924
LdbcQuery11|1759703901089|1759703912408|477|0|1354157689134
LdbcQuery11|1759703901115|1759703912797|88|0|1354157715038
LdbcQuery10|1759703901131|1759703912886|69|0|1354157731228
LdbcQuery11|1759703901141|1759703912956|40|0|1354157740942
LdbcInsert2AddPostLike|1759703901124|1759703912885|142|0|1354157724887
LdbcQuery4|1759703901043|1759703907666|5499|0|1354157643802
LdbcInsert2AddPostLike|1759703901144|1759703912997|187|0|1354157745004
LdbcQuery4|1759703901102|1759703912687|515|0|1354157702086
LdbcQuery11|1759703901166|1759703913184|68|0|1354157766846
LdbcQuery4|1759703901160|1759703913166|93|0|1354157760370
LdbcQuery10|1759703901179|1759703913253|80|0|1354157779798
LdbcInsert5AddForumMembership|1759703901181|1759703913259|89|0|1354157782178
LdbcInsert7AddComment|1759703901151|1759703913028|357|0|1354157751671
LdbcInsert5AddForumMembership|1759703901181|1759703913349|41|0|1354157782178
LdbcInsert5AddForumMembership|1759703901181|1759703913334|106|0|1354157782178
LdbcInsert5AddForumMembership|1759703901181|1759703913391|101|0|1354157782178
LdbcInsert5AddForumMembership|1759703901181|1759703913385|121|0|1354157782178
LdbcInsert5AddForumMembership|1759703901181|1759703913441|119|0|1354157782178
LdbcInsert5AddForumMembership|1759703901181|1759703913493|165|0|1354157782178
LdbcInsert5AddForumMembership|1759703901181|1759703913561|276|0|1354157782178
LdbcInsert5AddForumMembership|1759703901181|1759703913507|374|0|1354157782178
LdbcInsert5AddForumMembership|1759703901181|1759703913837|72|0|1354157782178
LdbcInsert5AddForumMembership|1759703901181|1759703913882|50|0|1354157782178
LdbcInsert5AddForumMembership|1759703901181|1759703913659|275|0|1354157782178
LdbcInsert5AddForumMembership|1759703901181|1759703913933|50|0|1354157782178
LdbcInsert5AddForumMembership|1759703901181|1759703913934|55|0|1354157782178
LdbcInsert5AddForumMembership|1759703901181|1759703913910|105|0|1354157782178
LdbcInsert5AddForumMembership|1759703901181|1759703913984|50|0|1354157782178
LdbcInsert5AddForumMembership|1759703901181|1759703913990|80|0|1354157782178
LdbcInsert5AddForumMembership|1759703901181|1759703914035|100|0|1354157782178
LdbcInsert5AddForumMembership|1759703901181|1759703914070|89|0|1354157782178
LdbcInsert5AddForumMembership|1759703901181|1759703914015|171|0|1354157782178
LdbcInsert4AddForum|1759703901171|1759703913202|1125|0|1354157772178
